"NPI","Provider Other Organization Name","Provider Other Organization Name Type Code"
"1003464132","Linton Square Pharmacy and Medical Supplies, Inc.","5"
"1033767165","Catherine R Jonas, MSW, LCSW","3"
"1093377731","Kaminska Dermatology","3"
"1164070298","Pearle Vision","3"
"1174015093","Crossroads Treatment Centers of Toms River","3"
"1295383347","Sapphire Smiles","3"
"1356999478","ADA Medical Billing Group","5"
"1417519570","Publix Pharmacy #1660","3"
"1437707551","Home Doctors Medical Associates, LLC","4"
"1447755814","Better Outlook","3"
"1447808589","sunbries","3"
"1578111613","Parker's Pharmacy","3"
"1578115226","DWDC","5"
"1629626767","core health and spine","3"
"1669936951","Trua Wound Care","3"
"1710534128","Ross Way Non-Emergency Transportation LLc","3"
"1750939872","S","3"
"1750939872","Salubris MD Mobile Healthcare","3"
"1790333839","Accel","3"
"1790333839","Accel Diagnostic Laboratories","3"
"1790948321","Donna Ratte', LCSW, LLC","3"
"1811545957","RELIABLE HOME HEALTH","3"
"1861965410","Familia Farmacia","3"
"1891041133","Springfield Pediatric Therapy, LLC","4"
"1942858071","Eyedeology Optometry","3"
"1952959074","Please Select","3"
"1962050096","AmeriPharma Infusion Center","3"
"1972093987","Youth Connect of VA","5"
"1033683842","Show Me Sleep","3"
"1134166812","Centreville Clinic","3"
"1144274622","FMCH Gloster Clinic","3"
"1144274622","Gloster Clinic","3"
"1144792383","Lifespan Pharmacy","3"
"1164499075","CKF Addiction Treatment","3"
"1174044697","Bradley County Medical Center Family Care Clinic","3"
"1174759500","The Sam L. Cohen Center","3"
"1205484359","BMA Cumberland County","3"
"1255989307","Wiregrass HME","3"
"1295961647","The Sam L. Cohen Center","3"
"1346293818","DUBUQUE VA CLINIC","5"
"1417901844","Glens Falls VA CBOC","5"
"1427606474","YB NK Ventures, Inc","3"
"1568452290","BAPTIST HEALTH","3"
"1568452290","Baptist Health Richmond","3"
"1568913994","BAPTIST HEALTH","3"
"1568913994","Baptist Health Richmond Professional Pharmacy","3"
"1588917736","Bradley County Medical Center Family Care Clinic","5"
"1639727951","Park Duvalle at Central Health Center","3"
"1679760151","Farmacia San Lazaro","3"
"1700434859","Theory Health and Wellness Clinic","3"
"1770520397","PIERRE VA CLINIC","5"
"1881648376","Catchings Clinic","3"
"1881648376","FMCH Catching's Clinic","3"
"1891167755","Think Different Pharmacy","3"
"1902802531","YORKVILLE PHARMACY","3"
"1003227729","Atlantic General RediScripts","3"
"1003227729","AGH RediScripts Pharmacy","5"
"1003369661","AltamonteMD","3"
"1033767017","Omni Family Medical SC","4"
"1043467103","Sandwick","3"
"1063060036","Challenger Point","3"
"1063462976","Prairie Family Medicine and Obstetrics","3"
"1063649242","El Cerrito Dialysis","3"
"1134193006","Los Banos Dialysis","3"
"1144878125","Texas Institute for Clinically Complex Care","3"
"1154415982","University Dialysis Center","3"
"1154702181","Gibson Area Medical Clinic","3"
"1255588281","Hancock","3"
"1265689293","St. James","3"
"1295700219","Selma Dialysis","3"
"1336705292","Life Launch Centers of South Salt Lake","3"
"1346771029","STRIDE PROSTHETICS","3"
"1356818066","Life Launch Centers of Nevada","3"
"1356884993","Family Health Care of Cissna Park","3"
"1396992608","Tessland","3"
"1417104738","Childs","3"
"1417505496","WINDSOR HOSPICE AND PALLIATIVE CARE SERVICES","3"
"1437707403","Mann Eye Institute","3"
"1497279483","My NP House Calls","3"
"1528032505","Hanford Dialysis","3"
"1528616596","Scripts Pharmacy","3"
"1548236268","Tracy Dialysis","3"
"1548827637","Houston PremierSurgery Center the Villages","3"
"1598313553","Community Medical Assoc of B.C.H.","3"
"1598313553","Boulder Heart Longmont","5"
"1619124641","Linwood","3"
"1669818480","FMCH Liberty Clinic","3"
"1699922138","Family Healthcare of Gibson City","3"
"1700323987","Western Reserve Medical Group","3"
"1760030746","Liberty Hill Counseling Center","3"
"1790913903","Family Health Clinic of Farmer City","3"
"1790913903","d/b/a Family Health Clinic of Farmer City","3"
"1821646894","Senior Care Pharmacy of South Alabama","3"
"1841390747","Gibson City Clinic","3"
"1841613981","Choice Specialty Pharmacy 11","3"
"1851538961","Amedisys Hospice","3"
"1871771931","PRO-ACT","3"
"1881676005","Family Healthcare of Hoopeston","3"
"1942457262","Whitney","3"
"1972509701","The Onarga Clinic","3"
"1982851911","Old Egypt Central","3"
"1992700595","The Paxton Clinic","3"
"1073079455","Ascension St Francis Hospital-Reiman Cancer Center","5"
"1124465323","Ascension St Francis Hospital","3"
"1225087190","Ascension St Francis Hospital","3"
"1225182959","DENSO Family Pharmacy #16487","3"
"1346892460","BBI Colorado","5"
"1396393385","Focal Point Eyecare","3"
"1427007384","Ascension SE Wisconsin Hospital-St Joseph Campus","3"
"1437260528","Jackson County Ambulance Service","3"
"1437344884","Antelope Valley Health Center","3"
"1437627031","OSU-AJ WARREN CLINIC PEDIATRIC ORTHOPEDIC SURGERY","3"
"1467910547","MEDCURE PHARMACY","3"
"1477509420","East Baton Rouge Dialysis","3"
"1497316970","College Steps","3"
"1518423995","Ascension SE Wisconsin Hospital at Mayfair Road","5"
"1528535572","GABREAL SHAMTOUB DDS INC","3"
"1538717517","Miracle Ear Center","3"
"1548818529","My Eye Lab Garland","3"
"1548818537","Grace Health Mountain View Clinic","3"
"1588656433","Ocala Eye Surgeons","4"
"1598700528","Allina Health Mental Health - Mercy Hospital, Unity Campus","3"
"1619911179","Owatonna Behavioral Health","3"
"1649789819","Red River ER","3"
"1689222689","A List Smiles Orthodontics","3"
"1699323691","Centro Ararat Arecibo","3"
"1700434701","PIECE BY PIECE OF LAFAYETTE","3"
"1710535703","Three Rivers Community Health Dental","5"
"1780232785","Howell Chiropractic","3"
"1790286193","Telepsychiatry Services","3"
"1811545809","Honest Home Care","3"
"1861417362","Ascension SE Wisconsin Hospital-Elmbrook Campus","3"
"1912328303","Recovery in Motion, LLC","4"
"1962426122","reliable respiratory","3"
"1154812303","Ascension WI Prescription Center St. Clare's Hospital","3"
"1497171227","Shop n Save rx","3"
"1619453990","Ascension Wisconsin Prescription Center #703","3"
"1760595086","Boulder Community Hospital","3"
"1104305085","Ascension WI Prescription Center St. Mary's Hospital","3"
"1336252295","Boulder Community Hospital","3"
"1508009341","Virginia Heart","3"
"1881743417","Straith Hospital","5"
"1083262091","MTV IR Interventional Lab","3"
"1598313595","Providence Imaging Center","3"
"1164486569","Morgan County Ambulance Service","3"
"1235787243","ETS Health & Performance, LLC","3"
"1336797349","Southeastern Maternal Fetal Medicine","3"
"1134777147","Anesthesia All Ways","3"
"1013317544","All In ER Taylor","3"
"1598124786","All In Haight","3"
"1669878765","All In Glenbrook Elementary School","3"
"1841848850","CARTERS CARE SERVICES","3"
"1063854552","Silicon Valley Flex","3"
"1073987749","Lionel Wilson Prep","3"
"1083853667","Doctors Dialysis of East Los Angeles","3"
"1164070181","Xpress Pediatrics, LLC","4"
"1174171193","Prairie Hill Home Care, Inc.","5"
"1184682007","DETROIT VAMC PHARMACY","5"
"1225195787","Blanton-Peale Counseling Center","5"
"1265516462","Fayette Medical Center Swing Bed Unit","3"
"1366446767","Pullman Regional Hospital","3"
"1376191387","Brighton Gardens of Omaha","3"
"1407376072","Hoffmann Counseling Services","3"
"1417513896","Shopko Optical 4075","3"
"1417966540","Ascension All Saints Hospital","3"
"1427579291","CORA Physical Therapy - Palmer Ranch","3"
"1457798803","Leadership Public Schools San Jose","3"
"1467000471","Adams County Regional Medical Center (ACRMC) Family Medicine","3"
"1508817537","Fyzical Therapy & Balance Centers-Orlando","3"
"1538239611","Allcare Pharmacy","3"
"1548350473","Northport Medical Center - Psych","3"
"1548818560","The Dental Specialists Orthodontics Burnsville East","3"
"1558895631","BHG Berea Treatment Center","3"
"1609218197","La Escuela Popular","3"
"1639123284","Ascension All Saints Hospital","3"
"1639727662","IDx LLC","4"
"1699117184","Oakland School of the Arts","3"
"1700250479","Golden State Prep","3"
"1710396320","All In Rocketship","3"
"1710535745","Compass Chiropractic","3"
"1720480619","Valley Outpatient Services","3"
"1821074196","The Community Hospital Association","4"
"1861450744","GAINESVILLE VAMC PHARMACY","5"
"1861676439","Ascension All Saints Hospital","3"
"1891102497","Groups","3"
"1891127684","Alpha Middle School","3"
"1962050989","Brick House Recovery","4"
"1972551323","LAKE CITY VAMC PHARMACY","5"
"1982793543","Northport Medical Center - Rehab","3"
"1033668744","Pediatric Urgent Care Clinic","3"
"1083262018","When It Rains LLC","5"
"1104474139","Ascendant Management Inc","3"
"1104474139","Ascendant Management Inc","4"
"1174956106","Omega Rehabilitation and Spine","3"
"1225685332","SHIMA HADIDCHI MD A PROFESSIONAL CORP","3"
"1255325338","Texas Scripts","3"
"1265080295","Acadian Care Hammond","3"
"1386664779","Sylvan Grove Hospital","3"
"1396219309","Harps Pharmacy #189","3"
"1396393328","OVP Health","3"
"1518365428","Belvidere Dialysis","3"
"1558897751","HarpsPharmacy #179","3"
"1649824350","PEAK FEDERAL LABS","3"
"1679676159","Eltingville Pharmacy","3"
"1699323634","Accelerated Urgent Care","3"
"1750594297","Westwood Medical Group","3"
"1831747872","The Dental Specialists Burnsville East","3"
"1932130747","America's Best Contacts & Eyeglasses","3"
"1942547344","PRAIRIE DU CHIEN MEMORIAL HOSPITAL ON CALL PHYSICIANS","3"
"1972531218","HOSPITAL PAVIA ARECIBO","3"
"1013903525","Delmar Gardens of Meramec Valley","3"
"1033470034","Russell Fork Pharmacy","3"
"1063957371","J&M International Behavior Consulting","4"
"1144746470","Eye to Eye Care","3"
"1144878745","Ascension Medical Group Palliative Care","3"
"1154893600","BriovaRx of Texas","3"
"1235377615","Caris Healthcare, Columbia","3"
"1235787177","Great American Mobility","3"
"1285653493","Country Home Health","3"
"1285653493","Home Preferred Senior Care","3"
"1285956524","Sunwest Dental Prescott","3"
"1316595259","Nevada Adult Day Healthcare Centers","3"
"1346806940","Peaceful Surrounding","3"
"1356341051","Glacier Care Center","3"
"1356584544","Consultants in Womens Health, PLLC","4"
"1356999205","Laurel Bluntzer","5"
"1396975546","Porter Hills","3"
"1396975546","Valley Health Center","3"
"1437707387","Roseville Family Healthcare","3"
"1437713591","Malibu Wellness Ranch","3"
"1679121511","Carlson Orthodontics","5"
"1679615587","Sun West Dental","3"
"1679863393","Long Term Home Health Care Program","3"
"1689222622","IRI: Innovative Resources for Independence","3"
"1720454192","Wonderful Wellness Center - Delano","3"
"1750752804","Wonderful Wellness Center - Lost Hills","3"
"1780242214","Precision Behavioral & Counseling Services","4"
"1790333649","ATLANTA 2 VA CLINIC","5"
"1811452493","Wonderful School Health Center","5"
"1831755362","Avantara Arlington","3"
"1871043653","Wonderful Wellness Mobile","3"
"1922596303","BriovaRx Specialty","5"
"1952959892","Pine Knot Intermediate Healthy Kids Clinic","3"
"1982080222","Garland Shiloh Dialysis","3"
"1023666989","DOUGLAS R MAXSON DDS","5"
"1063975787","Sunny DME","3"
"1144878091","Ketchum Chiropractic","3"
"1184677080","Excel Obstetrics & Gynecology, PC","4"
"1235787102","SafeRide Health","3"
"1265470231","Wellness Enterprises Inc dba Atlas Physical Therapy","4"
"1376105452","Oyate Health Center","3"
"1386292761","DFYS Clifton Middle Sch","3"
"1396123683","Kids Care Dental and Orthodontics","3"
"1427606383","United Surgery Center-Encinitas","3"
"1437401148","Lewis and Clark Pharmacy","3"
"1467000323","Hilo Neck and Back Pain Center","4"
"1477563344","Providence Kodiak Mental Health","3"
"1518527977","Papa's Farmacia via Luzianna LLC","4"
"1528616489","Cottage Village","3"
"1558572479","Biocare Pharmacy","3"
"1588212443","STEM MED","3"
"1629545678","Sublime Wellness Center","3"
"1639137565","Vantage Point of Northwest Arkansas","3"
"1730653676","Angel Care","3"
"1831747799","Brady Dental Group, PA","3"
"1881242741","PREFERRED MEDICAL TRAMSPORT","3"
"1912555889","Perspective Gains Counseling","3"
"1912555889","Perspective Gains Counseling PLLC","3"
"1922656131","DFYS Santa Fe Computer Magnet Sch","3"
"1972978716","VICTORY HEALTH CARE SERVICES LLC","4"
"1043331358","CBHH Bemidji","3"
"1104474006","SSM Health PT","3"
"1184272072","360 Degrees Counseling and Consulting Services","3"
"1265080162","Integrity Clear Braces","3"
"1265080170","High Desert Gastroenterology","3"
"1346898236","Power Chiropractic Clinic","3"
"1346898244","AllsWell Pharmacy","3"
"1356881346","Garfield County Dialysis","3"
"1376004655","PRIME CHOICE FAMILY CLINIC URGENT CARE","3"
"1376004655","PRIME CHOICE UC PLLC","5"
"1386292282","The Box Doc","3"
"1386676799","CBHH-aLEXANDRIA","3"
"1396850145","RCG EAST LANSING","3"
"1417505314","Eunoia Psychological Services","5"
"1437622016","Storyline Counseling","3"
"1437702867","EP Lab Service","3"
"1477101376","SSM Health PT","3"
"1487202370","Miller Hill Dental","3"
"1528515996","Southside Psychiatry Clinic","3"
"1558919456","Milliken Medical Group","3"
"1669418851","CBHH-Rochester","3"
"1689235889","Vigilant Healthcare Solutions","3"
"1700434685","Power Chiropractic Clinic","3"
"1760922918","Shalom Nursing Care, Inc","4"
"1780178467","GSH NP Services","5"
"1912555814","LENSCRAFTERS #3335","3"
"1033177787","MADISON VAMC PHARMACY","5"
"1053705319","Encompass Health Home Health","3"
"1053705319","Encompass Home Health of Maryland","3"
"1073165254","Faraday Health-Chattanooga, TN","3"
"1114112125","RETINA CONSULTANTS OF Western New York, PC","3"
"1194373027","Select Physical Therapy","3"
"1205484110","Neoteric Medical LLC","3"
"1215263082","WFUBMC Endoscopy Center","3"
"1215585120","University of Texas Rio Grande Valley","4"
"1225130487","CBHH-Annandale","3"
"1245549930","VILLAGES VA CBOC PHARMACY","5"
"1265942403","Ubylee Healthcare Group","3"
"1285094813","Southern Winds","3"
"1346897584","CareTeam Health Tietex","3"
"1356999288","Country Doctor School Based Clinic","3"
"1376191205","Golden Age Healthcare Residence","3"
"1386859437","Step One Therapy","3"
"1407404320","Dental Care at Verandah","3"
"1417285404","Farmington Drugs and Medical Supplies","3"
"1477101301","Beachside Home Service","4"
"1528062387","Edelweiss Village","3"
"1528062387","German Centre for Extended Care","3"
"1528062387","Senior Place Adult Day Health","3"
"1578111480","Vantage Health System, Inc.","3"
"1578111498","Clinical Services","3"
"1629626544","Pacific Eye Group, PC","3"
"1649828575","Modern Talk","3"
"1669020582","Health First Medical Care LLC","3"
"1699738377","North Loop East Dialysis","3"
"1710535646","A-Restored Life Counseling","5"
"1720036296","TALLAHASSEE VA CLINIC PHARMACY","5"
"1962583039","CBHH-Fergus Falls","3"
"1992219091","MNPAH at Horizon Media","5"
"1992219091","NCMed of NYPC at Horizon Media","5"
"1992353825","America's Best Contacts & Eyeglasses","3"
"1992753008","JACKSONVILLE VA CBOC PHARMACY","5"
"1003306168","Aspen Valley Hospital Center for Medical Care","3"
"1003465931","California Rehabilitation & Sports Therapy Lakewood","3"
"1033177589","ROCKFORD VA CBOC PHARMACY","5"
"1033767967","PERKINS COUNTY FAMILY CLINIC","3"
"1043794506","Ticho Eye Associates","3"
"1053969980","Froedtert Pharmacy 125","3"
"1073162905","Froedtert Pharmacy 275","3"
"1093360984","Glasswater Creek of Plainfield","3"
"1124683131","KureSmart Pain Management","3"
"1144878075","Froedtert Pharmacy 150","3"
"1154984961","The Orenda Center of Wellness","3"
"1184273013","Bennett Chiropractic & Wellness","3"
"1205484136","Making Visions Assited Living Facility","3"
"1225227457","Crescent City Dialysis Center","3"
"1285135244","GLASSWATER CREEK OF LAFAYETTE","3"
"1316595242","Balentine Plaza Dental Care","3"
"1346899283","Optimum Home Health Care","3"
"1447507835","Family First Home Care Agency","4"
"1467001396","Lil's Dietary Specialty Shop","3"
"1477102309","LifeBridge Endocrinology Assocaites","3"
"1487036075","CareConnect Convenient Care","3"
"1487118220","HELLENIC SENIOR LIVING OF ELKHART","3"
"1497303325","Froedtert Pharmacy 200","3"
"1497304323","Encore Rehab of West Mobile","3"
"1497304331","The Sleep Center of Nevada-Pahrump","5"
"1508415449","Athletico Physical therapy","3"
"1538422977","CareConnect Convenient Care","3"
"1609203652","Bedford Community Dental Center","3"
"1619526555","A & R Transportation","3"
"1639730880","Novant Health Telepsychiatry","3"
"1669020590","Froedtert Pharmacy 225","3"
"1679139042","Shopko Optical 4047","3"
"1679941926","Lincoln PT","3"
"1689222515","Froedtert Pharmacy 175","3"
"1700433711","NOVANT HEALTH NEUROLOGY AND SLEEP","3"
"1710288428","CareConnect Family Dentistry","3"
"1750930699","Googe Wheelchair & Livery Service, Inc","5"
"1790333623","Froedtert Pharmacy 075","3"
"1891934899","Rite Care Pharmacy","3"
"1902262629","CareConnect OBGYN","3"
"1932212628","Harbor Crest Comprehensive Counseling Group","3"
"1982252813","froedtert Pharmacy 050","3"
"1003465964","WAGNER ORTHODONTICS","3"
"1023667987","ProCare Hospice Care","3"
"1063061927","Kadams","5"
"1073099073","Cedar Grove Assisted Living","3"
"1093364952","CONVENIENT RX LTC #3","3"
"1114417946","Berkeley Oaks","3"
"1114438553","Hellenic Senior Living of New Albany","3"
"1144874793","Navarro Discount Pharmacy #11087","3"
"1205485166","Halliburtons Care Home llc","3"
"1215592720","Wickford Village Dental, LLC","4"
"1235600412","Oasis at 56th","3"
"1255806717","Alma Matters Family Psychological Clinic","5"
"1295798338","Tokay Dialysis Center","3"
"1336689751","Day & Nigh Home Care Corp","4"
"1336798289","Hartman Advanced Practice, PLLC","3"
"1366882391","FIRSTHEALTH INFECTIOUS DISEASES","3"
"1386155729","Hellenic Senior Living of Indianapolis","3"
"1417505454","Sound Orthodontics","3"
"1417505454","Jack Hou DDS, MDS, PLLC","4"
"1427515550","Heritage Woods of Noblesville","3"
"1558757476","Good Night Medical","3"
"1578882510","Sound Orthodontics","3"
"1578882510","Jack Hou, DDS, MDS, PLLC","4"
"1639573009","Aspirus FastCare - Abbotsford","3"
"1669839437","MNPAH at Davis Polk","5"
"1720439847","Seminole Heights Chiropractic & Wellness","3"
"1770132631","Victor Medina","4"
"1770720906","Baytown Dialysis","3"
"1831672377","Gull Creek Senior Living Community","3"
"1861040800","Sound Orthodontics","3"
"1861040800","Jack Hou DDS, MSD, PLLC","4"
"1861041717","Learn and Play Therapeutic Center","5"
"1871061655","The Lodge at Summers Pointe","3"
"1881104289","Evergreen Village at Bloomington","3"
"1902808108","Nazareno Enterprises and Services LLC","4"
"1902808108","Nazareno Services Inc.","5"
"1942578422","Cleveland PD","3"
"1942859897","Ocucare","5"
"1952694994","Main Street Medical Clinic of Morton","3"
"1962965988","Claudia E. Russell, LCSW","3"
"1992257034","MNPAH at White & Case","5"
"1992257034","Marathon Health @ White & Case","5"
"1164071031","DSmith","5"
"1174000855","Clinicians Connect Care Home Health","3"
"1225687197","Eisner Health","3"
"1295070811","West Orange Dialysis","3"
"1336797620","Axis Pharmacy Northwest","3"
"1366091233","Apple Valley Care Center","3"
"1407401649","Long Life Care Management","4"
"1417506387","ComForCare Home Care Sacramento West","3"
"1447809314","DMiller","5"
"1447809322","FHC Pharmacy","3"
"1457900326","Publix Pharmacy #1627","3"
"1497214381","Magic Dentistry","3"
"1518499433","Life Forward Counseling","3"
"1639728504","Bauer Family Dental","3"
"1669498002","Northside Mental Health Ctr, Inc","4"
"1689223554","BetterNow","3"
"1750763819","IU Health Urgent Care LLC","3"
"1770961914","IPGS","5"
"1780233668","MShaw","5"
"1831748706","Hannah Grace Homes Inc.","3"
"1831748714","Windsor Cypress Gardens","3"
"1902099500","Summit Skin and Vein Care","3"
"1902956402","Back in Balance Chiropractic","3"
"1902956402","Back in Balance Wellness Center","3"
"1902956402","BIBC, P.C.","4"
"1912556895","Pediatric Dental Clinic at LeBonheur","3"
"1922657808","Axiom West","5"
"1922657899","JNitti","5"
"1952308363","Resnick Neuropsychiatric Hospital at UCLA","3"
"1952455263","LensCrafters #225","3"
"1972985935","IU Health Urgent Care LLC","3"
"1982252441","Vida ACT","3"
"1003465915","Healthy Horizons Clinic","3"
"1013258748","TGMG FCC Sun City","3"
"1043599962","Tarrant County Public Health","3"
"1063061976","Axiom East","5"
"1184273070","First Source Rx","3"
"1205006996","Tarrant County Public Health","3"
"1215496963","FYZICAL Therapy and Balance Centers","3"
"1225300056","Driftwood Dialysis","3"
"1285912998","TARRANT COUNTY PUBLIC HEALTH","3"
"1316265432","Summit Hospice","3"
"1366721375","Tarrant County Public Health","3"
"1376641738","Sierra Center for Orthopaedic Rehabilitation","3"
"1427607324","Rocky Mountain Music Therapy","3"
"1457900359","Karen S. Baker","3"
"1518430347","AMA Wellness Center Inc","3"
"1518921527","Sterling Dialysis","3"
"1538513718","All In Solutions Counseling Center Willow Grove","3"
"1538513718","Humble Beginnings PA LLC","4"
"1548819451","Grace Health Services","3"
"1578112470","Express Care by Presbyterian Medical Services","3"
"1588228811","Aragon Medical","3"
"1588228811","Jennifer Aragon","3"
"1588998462","Permian Basin Pain Management","3"
"1598314403","Well Care Pharmacy","3"
"1619526522","RI International","3"
"1649829532","MedLink Gwinnett","3"
"1750877270","Anniston Chiropractic","3"
"1760981427","Summit Home Health","3"
"1780079756","WALGREENS #15552","3"
"1811130354","Reno Orthopaedic Clinic","3"
"1811227093","Summit Therapy Group","3"
"1851679294","Tarrant County Public Health","3"
"1871519926","Buffalo Grove Dialysis","3"
"1922285147","Foot and Ankle Specialty Clinic","3"
"1962063107","Jeffrey Cross DDS","3"
"1972800555","Northside Mental Health Center Inc","4"
"1982064606","BrightStar Care of Frisco","3"
"1982253894","Passport to Behavioral Health LLC","4"
"1073092771","Terry Reilly Health Services","3"
"1073162897","GOGO NY","3"
"1174172993","Comfort Keepers","3"
"1174717045","Walgreens #9882","3"
"1215304498","KIMMY PHARMACY","3"
"1235562463","Alpha Omega PCCS, LLC","4"
"1235641887","Eisner Health","3"
"1245883776","Ready PT","3"
"1265081095","Modern Wellness Psychotherapy & Healing","3"
"1366091191","CommuniCare Family Welness Center - Unity","3"
"1376191304","Acadian Care Slidell","3"
"1407403710","Novant Health Neurology and Sleep","3"
"1427607340","Mountain States Speech Therapy, Inc.","3"
"1699324418","Visiting Angels","3"
"1700435625","ALWAYS FOR YOU HOME CARE SERVICES","3"
"1710487574","Walgreens Optical","3"
"1730547019","Eisner Health","3"
"1730547019","Eisner Pediatric and Family Medical Center","3"
"1740770015","Najem MD PLC","3"
"1912969387","Serenity Hospice & Pallative Care","3"
"1053696963","Pinnacle Senior Care","3"
"1053960815","Omni Express Health Services LLC","4"
"1073168027","My Family Doc","3"
"1093776338","Kaweah Delta Skilled Nursing Center","3"
"1235596529","Dr. Tro's Medical Weight Loss & Direct Primary Care","3"
"1235596529","PalisadesMD","5"
"1245291558","Kaweah Delta Visalia Dialysis","3"
"1245560424","Baxter Emergency Group LLC","4"
"1255627238","Oceanview Healthcare and Rehabilitation","3"
"1255627238","The Phoenix Post-Acute","3"
"1255899217","Cal-Hills Pharmacy","3"
"1376636118","Family Service Counseling & Community Resource Center","3"
"1376636118","Family Service of San Leandro","4"
"1407405251","Smiles West Van Nuys","3"
"1437227238","THE MODERN CHEMIST","3"
"1467413708","Kaweah Delta Mental Health Hospital","5"
"1467921296","DIP Home Care","3"
"1558752683","Kaweah Delta Wound Center","3"
"1568828341","AmeraHealth","3"
"1588663769","Kaweah Delta Medical Center","3"
"1700435559","Annie Burdine Nutrition","3"
"1710536552","Pill Fill Pharmacy","3"
"1730258971","Heart of the Rockies Regional Medical Center","3"
"1922656594","Medicare MTM Services","3"
"1982253738","Space City Pharmacy","5"
"1033691837","Argyll Transport","3"
"1043557853","TGMG Bayshore","3"
"1104971464","CareConnect Family Practice","3"
"1114576980","Nightingale In-Home Care","3"
"1124229307","CareConnect Family Practice and Pediatrics","3"
"1154979011","Mama Sadies Homemaker & Companionship Providers","3"
"1174172951","Chez","3"
"1174172951","Chez Joseito Catering","3"
"1194374967","Linda My Therapist","3"
"1205485075","GUNBARREL MEDICAL CENTER URGENT CARE","3"
"1285283044","Advance Infusion at Center for Joint Health","3"
"1306088059","Silver Lake Dialysis","3"
"1306239314","Harbor Hospice","3"
"1376192146","Walmart Vision Center 30-3469","3"
"1427471135","Blue Ridge Psychological Services","4"
"1487991477","TGMG FCC HEALTHPARK","3"
"1518990845","WEIS PHARMACY","3"
"1558544130","EISENHOWER CENTER","3"
"1558910315","Sunrise at North Hills","3"
"1598258865","Yorktown Center for Specialty Surgery","3"
"1639728496","MEC Family Health Center managed by QuadMed","3"
"1669028098","Community Care Family Clini Counseling Services","3"
"1679682058","Rite Aid Pharmacy 05604","3"
"1679714646","Loving Family Home Care Inc","3"
"1679962260","dba Monroe Preparatory Academy","3"
"1699064725","Med-Place Pharmacy Corporation","3"
"1710985718","Grace Healthcare Inc.","3"
"1750930525","Spring Park Dentistry","3"
"1780600577","Bassett Healthcare","3"
"1780793158","Rite Aid Pharmacy 05541","3"
"1801203245","New Lenox Home Training","3"
"1851940621","Superior Counseling","4"
"1891804324","Rite Aid Pharmacy 05603","3"
"1902967979","Custom Care Compounding Pharmacy","3"
"1932450855","CoxHealth Home Support","3"
"1114576998","US RENAL CARE LIVE OAK DIALYSIS","3"
"1124426176","TGMG FCC APOLLO BEACH","3"
"1124500335","TGH Urgent Care","3"
"1134698418","Med4Home","3"
"1134777337","Froedtert RDS 300","3"
"1164692406","Hooksett Fire Rescue Department","3"
"1184965816","TGMG FCC Riverview","3"
"1205328291","Authentic Dental Studio, Dental Office of Dr. Dao","3"
"1235546532","TGMG FCC BOYETTE","3"
"1245895549","TGMG Valrico","3"
"1396303822","Eastport Chiropractic","3"
"1407405285","Buckeye Ambulance","3"
"1407405285","Kettering Mobile Care","3"
"1417506213","Summit Foot And Ankle","3"
"1437585882","Happier Living","3"
"1437585882","The Genen Group","3"
"1437708237","Acadian Care New Orleans","3"
"1467001248","Clarity Healthcare","3"
"1467638577","City of Chelsea Fire Department","5"
"1588901482","TGMG FCC Brandon","3"
"1649722554","SGCC Enid Home-AC","5"
"1669975157","Kokopelli Eye Institute","3"
"1689739013","Highlands ARH Medical Office Pharmacy","3"
"1699182998","TGMG FCC WESLEY CHAPEL","3"
"1740261742","Good Samaritan Society - Lake Forest Village","3"
"1740334408","For Eyes","3"
"1770132565","Gail's Apothecary","3"
"1770648107","Highlands ARH Clinic Pharmacy","3"
"1891786174","Good Samaritan Society - Denton Village","3"
"1891790390","South OC Pediatric Dentistry & Orthodontics","3"
"1912556713","Joyous Ocassion LLC","3"
"1942859749","Southern Oregon Orthopedics","3"
"1962819250","TGMG FCC TRINITY","3"
"1003104183","Carolinas Hospitalist Group","3"
"1003130493","Pediatric Endocrinology & Diabetes Specialists","3"
"1003242876","ID Consultants & Infusion Care Specialists","3"
"1003288093","Carolinas HealthCare Urgent Care - Rock Hill","3"
"1013232438","The Sanger Clinic","3"
"1013359181","Klein Neurology and Sleep","3"
"1023006707","Cabarrus Family Medicine","3"
"1023250099","St. Luke's Surgical Associates","3"
"1023291960","Copperfield OB/GYN","3"
"1023328309","McAlister OBGYN Associates","3"
"1023366242","Atrium Health Weight Management","3"
"1023397874","Carolinas HealthCare Urgent Care - Belmont","3"
"1023440898","The Sanger Clinic","3"
"1023445517","NorthEast Internal & Integrative Medicine","3"
"1023455987","Levine Cancer Institute","3"
"1033546403","Development & Behavioral Pediatrics of the Carolina's","3"
"1033597224","NHRMC PG Neurology","0"
"1033637178","Levine Children's Healthy Futures Clinic","3"
"1033637178","Suburban Pediatrics","3"
"1043243637","Northcross Obstetric & Gynecologic Associates","3"
"1043441918","Cabarrus Family Medicine","3"
"1043601768","Carolinas HealthCare Urgent Care - Davidson","3"
"1043719610","Piedmont Orthopedic Specialists - Salisbury","3"
"1053550939","CHA Neurology","3"
"1053624247","The Sanger Clinic","3"
"1053635185","Charlotte Obstetric & Gynecologic Associates","3"
"1053668012","Sports Medicine and Injury Care","3"
"1053805127","Levine Cancer Institute","3"
"1063567428","Atrium Health Biddle Point","3"
"1063713204","Pender Primary Care - Rocky Point","3"
"1063849420","NorthEast Psychiatric Services","3"
"1063849487","NorthEast Rheumatology","3"
"1063854057","Kings Mountain Internal Medicine","3"
"1063900405","Carolinas HealthCare System Heart Failure and Transplant","3"
"1073541124","University Pediatrics","3"
"1073754131","CMC Faculty Physicians","0"
"1073860011","Union Primary Care","3"
"1073861266","Carolinas HealthCare System Pulmonary & Sleep Medicine","3"
"1073881694","Rutherford Pediatrics","3"
"1073940433","Carolinas HealthCare System Neurosciences Institute","3"
"1083041404","NorthEast Plastic & Reconstructive Surgery","3"
"1083642169","Cotswold Family Medicine","3"
"1083966444","Carolinas Palliative Care and Hospice Group","3"
"1093031882","Mecklenburg Medical Group (MMG)","3"
"1093038887","Carolinas Hospitalist Group","3"
"1093119513","Stanly Women's Services","3"
"1104289685","Carolinas Center for Oral Health","3"
"1104384031","Christopherson Family Medicine","3"
"1114223583","Cape Fear Heart Associates","3"
"1114293495","Levine Cancer Institute","3"
"1114348802","Carolinas Hospitalist Group - Kings Mountain","3"
"1114380698","Atrium Health Dental Clinic","3"
"1124359112","CMC Surgery - Denver","3"
"1124393657","Levine Cancer Institute","0"
"1124404405","Carolinas Hospitalist Group - University - LTAC","3"
"1124404405","Carolinas Hospitalist Group Pineville LTAC","3"
"1124422704","Atrium Health Gastroenterology & Hepatology","3"
"1124460746","Cleveland Plastic and Hand Surgery","3"
"1124593470","Atrium Health Addiction Services Ballantyne","3"
"1134150691","Shiland Family Medicine","3"
"1134420052","Cabarrus Family Medicine","3"
"1134443260","Charlotte Obstetric & Gynecologic Associates","3"
"1134447378","CHA Division of Pediatric Surgery","0"
"1134447378","NHRMC PG Pediatric Surgery","3"
"1134466790","Carolinas Hospitalist Group - Stanly","3"
"1134474059","Indian Trail Family Medicine","3"
"1144239625","Atrium Health Womens Institute - South Charlotte","3"
"1144239625","Greater Carolinas Womens Center","3"
"1144336587","Cabarrus Family Medicine","3"
"1144469024","CHA Medical Oncology","3"
"1144551458","Cabarrus Family Medicine","3"
"1144624206","Albemarle Pulmonary Services","3"
"1144657636","NorthEast Critical Care Associates","3"
"1154352938","Riverbend Family Physicians","3"
"1154525293","CMC Cosmetic and Plastic Surgery","3"
"1184962003","Magnolia Gardens","3"
"1285282343","Kingwood Endoscopy","3"
"1366557191","Owosso MEMORIAL DIALYSIS CENTER","3"
"1366765893","Copperfield OB/GYN","3"
"1366779928","Eastover Obstetrics and Gynecology","3"
"1366799249","Carolinas Hospitalist Group - Union","3"
"1366879934","Edison Square Family Medicine","3"
"1376849059","Cape Fear Heart Associates","3"
"1376893057","CMC Faculty Internal Medicine","3"
"1376898148","Union Family Practice","3"
"1376970418","Carolina Pediatric Gastroenterology - Huntersville","3"
"1386653830","Atrium Health Urgent Care","3"
"1386947828","Charlotte Medical Clinic","3"
"1386960177","Mecklenburg Medical Group (MMG)","3"
"1386960342","Mecklenburg Medical Group (MMG)","3"
"1386991297","Sports Medicine and Injury Care","3"
"1396061347","Mecklenburg Medical Group (MMG)","3"
"1396166088","Carolinas Hospitalist Group - Carolina Rehab - Mt. Holly","3"
"1396172516","Carolinas Pediatric Neurology Care - Concord","3"
"1396295911","Carolinas HealthCare System Neurosciences Institute","3"
"1396928230","Carolina Neurological Clinic","3"
"1396986451","CMC Faculty Physicians","3"
"1417196304","CHA Division of Psychiatry","3"
"1417267428","Carolinas HealthCare System Senior Care","3"
"1417334145","NHRMC PG Rheumatology","0"
"1427309608","Sports Medicine and Injury Care","3"
"1427374487","Mecklenburg Medical Group (MMG)","3"
"1427452341","Norwood Medical Services","3"
"1427561638","Atrium Health Urgent Care","3"
"1437168937","Carolinas HealthCare Urgent Care - Ballantyne","3"
"1437459021","McKay Urology - Lincoln","3"
"1447545777","The Sanger Clinic","3"
"1447573829","Carolinas Hospitalist Group","3"
"1457380313","Arboretum Urgent Care Center","3"
"1457695454","CMC Pediatric Hematology/Oncology Psych","3"
"1457699605","CMC Psychiatry and Behavioral Health","3"
"1457784191","Ardsley Internal Medicine","3"
"1457808271","Sports Medicine and Injury Care","3"
"1457819922","Providence Community Pharmacy","3"
"1467481127","Eastland Urgent Care","3"
"1467790055","CMC Women's Center for Pelvic Health Northeast","3"
"1477582385","Arboretum Pediatrics","3"
"1477589158","Eastridge Family Medicine","3"
"1477814622","Carolinas HealthCare Urgent Care - Salisbury","3"
"1477878890","The Sanger Clinic","3"
"1477878981","The Sanger Clinic","3"
"1477891810","Carolinas HealthCare Urgent Care - Mooresville","3"
"1477980050","NorthEast Infectious Diseases","3"
"1487081063","Northeast Endocrinology - University","3"
"1487096426","Shelby Women's Care","3"
"1487203196","Southern Adventist University","3"
"1487907531","The Sanger Clinic","3"
"1497017982","Cape Fear Cancer Specialists","3"
"1497055263","Cabarrus Family Medicine","3"
"1497182984","NorthEast Dermatology - Salisbury","3"
"1497256143","Carolinas HealthCare Urgent Care - Robinwood","3"
"1497762686","Carolinas HealthCare Urgent Care - Prosperity Crossing","3"
"1508001009","Carolinas Hospitalist Group - Columbus","3"
"1508005497","New Hanover Regional Hospitalists","3"
"1508135799","Levine Cancer Institute","3"
"1508162280","Cape Fear Heart Associates","3"
"1508173493","CHA Gyn Oncology","3"
"1508892746","Carolinas HealthCare Urgent Care - Huntersville","3"
"1518197458","Cabarrus Family Medicine","3"
"1518216118","Glen Meade Center for Women's Health","3"
"1518263268","Southeast Primary Care","3"
"1518394659","Carolinas Pediatric Neurology Care - University","3"
"1518405257","Carolinas HealthCare System Diabetes Care","3"
"1518982768","Eastover Obstetrics and Gynecology","3"
"1528209681","CMC Faculty Physicians","3"
"1528314994","Union Obstetrics & Gynecology","3"
"1528404571","Levine Cancer Institute","3"
"1528495108","NorthEast Endocrinology","3"
"1538415906","Union Pediatrics","3"
"1538482914","Carolinas Hospitalist Group","3"
"1538495767","Charlotte Pediatric Clinic","3"
"1538596747","Carolina Pediatric Gastroenterology","3"
"1538637137","Carolinas Primary Care","3"
"1548406077","Shiland Family Medicine","3"
"1548501141","Carolinas Psychiatry Billingsley","3"
"1548598857","Eastover Obstetrics and Gynecology","3"
"1548664303","Troy Medical Services","3"
"1548693872","CHS Reproductive Medicine and Infertility","3"
"1558686188","Mecklenburg Medical Group (MMG)","3"
"1558702191","Atrium Health Sleep Medicine","0"
"1558702191","Carolinas HealthCare System Sleep Medicine","3"
"1558702191","Carolinas HealthCare System Sleep Services","3"
"1558702191","Carolinas Sleep Services - Cleveland","3"
"1558765313","Richfield Medical Services","3"
"1568610889","Carolinas HealthCare Urgent Care - Fort Mill","3"
"1568697175","Wrightsville Beach Family Medicine","3"
"1568717478","Lake Park Family Practice","3"
"1568899136","Kannapolis Internal Medicine","3"
"1578958773","Cleveland Internal Medicine","3"
"1578965570","Carolinas HealthCare System Ophthalmology Care","3"
"1578967485","Mt. Gilead Medical Services","3"
"1588091177","GYN Care of the Carolinas","3"
"1588091904","Piedmont Pediatrics","3"
"1588178370","Atrium Health Cabarrus Transition Services","3"
"1588673636","East Charlotte Family Physicians","3"
"1588818512","Rutherford Internal Medicine Associates","3"
"1588847420","North Charlotte Medical Specialists - University","3"
"1598017212","Carolinas HealthCare System Pulmonary & Sleep Medicine","3"
"1598080012","The Sanger Clinic","3"
"1598080087","The Sanger Clinic","3"
"1598135188","Atrium Health Transition Clinic","3"
"1598839334","CMC Faculty Physicians","3"
"1609101666","Piedmont Gynecological and Obstetrical Associates","3"
"1609191121","The Sanger Clinic","3"
"1619013562","Atrium Health NorthPark","3"
"1699324400","jason hull","3"
"1710290564","The Sanger Clinic","3"
"1710314133","NorthEast Psychiatric Services - Albemarle","3"
"1710914171","Charlotte Pediatric Clinic","3"
"1720303274","The Sanger Clinic","3"
"1720311947","Atlantic Urology","3"
"1720415946","Carolinas Pediatric Neurology Care - Charlotte Specialty Center","3"
"1730118480","Cox Road Urgent Care","3"
"1730362641","North Charlotte Medical Specialists - Huntersville","3"
"1730516196","NorthEast Women's Health & Obstetrics","3"
"1730519182","Carolinas Palliative Care and Hospice Group","3"
"1730520396","Carolinas HealthCare System Pediatric Surgery","3"
"1740299130","Cotswold Pediatrics","3"
"1740535657","Dove Internal Medicine","3"
"1740755610","South Lake Pediatrics","3"
"1740848100","Atrium Health OB GYN Hospitalist","3"
"1750317921","Steele Creek Urgent Care","3"
"1750606174","Carolinas HealthCare System Rheumatology Care","3"
"1750718102","NorthEast Pediatric Pulmonology - University","3"
"1750718128","NorthEast Pediatric Hospitalists","3"
"1750718243","NorthEast Lung Associates","3"
"1750735064","Carolinas HealthCare System Wound Care Physicians-University","3"
"1760791727","New Hanover Medical Group","3"
"1760824700","Shelby Family Practice","3"
"1770910127","NorthEast Pediatric Pulmonology - Charlotte","3"
"1770925703","Carolinas HealthCare Urgent Care - Shelby","3"
"1780011825","Carolinas Pediatric Neurology Care - Eastover","3"
"1780197335","Carolinas HealthCare System Liver Care","3"
"1780911339","Charlotte Pediatric Clinic","3"
"1780915942","CMC Orthopaedic Surgery - Lincoln","3"
"1780916486","Piedmont Gynecological and Obstetrical Associates","3"
"1790003580","Eastover University Obstetrics and Gynecology Associates","3"
"1790024974","Sports Medicine and Injury Care","3"
"1790046894","Hanover Gastroenterology","3"
"1790123081","CMC Women's Institute - NorthEast","3"
"1790224962","Southeast Orthopedics","3"
"1801126479","Southeast Urology","3"
"1801188941","Atrium Health Weight Management","3"
"1801223482","NorthEast Endocrinology - Huntersville","3"
"1801237466","Cleveland Endocrinology","3"
"1801302492","NorthEast Endocrinology - Union","3"
"1801346812","SGCC-Nearfield Home","5"
"1811145014","Gastonia Children's Clinic","3"
"1811151244","Mooresville Internal Medicine Associates","3"
"1811250533","Carolinas Palliative Care and Hospice Group","3"
"1821345919","Carolinas HealthCare System Pulmonary & Sleep Medicine","3"
"1821345919","Carolinas HealthCare System Pulmonary Care","3"
"1821359142","Carolinas Palliative Care and Hospice Group","3"
"1821469735","Shelby Surgical Associates","3"
"1831639509","ProActive Health by Carolinas HealthCare System","3"
"1841526837","University Pediatrics","3"
"1841611530","Carolinas HealthCare System Children's Urgent Care","3"
"1841626777","Weddington Internal Medicine & Pediatrics","3"
"1841632882","Shelby Women's Care","3"
"1841674264","Atlantic Fetal Medicine","3"
"1851555734","Riverwood Medical Associates","3"
"1851646756","Edward B. Bower, MD","3"
"1851649180","Carolinas HealthCare Urgent Care - Union West","3"
"1851724645","Southeast Pediatrics","3"
"1861671463","Atrium Health Weight Management","3"
"1861701013","New Hanover Medical Group","3"
"1861701013","New Hanover Medical Group - Jacksonville","3"
"1861747479","Indian Trail Pediatrics","3"
"1861753741","Carolinas Palliative Care and Hospice Group","3"
"1861826562","Levine Cancer Institute","3"
"1861896789","Oakboro Medical Services","3"
"1871817270","Medical Associates of Fort Mill","3"
"1871854752","Carolinas Palliative Care and Hospice Group","3"
"1871854828","Carolinas Palliative Care and Hospice Group","3"
"1871882787","SIU HealthCare","3"
"1871965038","Carolinas HealthCare Urgent Care - Lincolnton","3"
"1881021475","Carolinas Pediatric Neurology Care - Gastonia","3"
"1881033009","Carolinas Hospitalist Group - Carolina Rehab Northeast","3"
"1881624807","The Sanger Clinic","3"
"1881940252","Union Obstetrics & Gynecology","3"
"1891040499","CMC Neurospecialty Center Psych","3"
"1891058699","Carolinas Palliative Care and Hospice Group","3"
"1891135067","Scotland Surgical and GI Associates","3"
"1891726634","Harrisburg Family Physicians","3"
"1902049190","Atrium Health Urgent Care","3"
"1902200991","Stanly Pediatric Services","3"
"1902837073","The Davidson Clinic","3"
"1922373638","California Pharmacy","3"
"1922657733","DENTISTRY ON ORCHARD LLC","5"
"1962417105","WALGREENS #05670","3"
"1992354823","Froedtert Pharmacy 350","3"
"1023346053","ACM","4"
"1083808836","Hollywood/Wilshire Health Center","3"
"1124677836","Saving Grace Youth & Family Services","3"
"1154563385","Rosenberg Bone and Joint","3"
"1154646578","Charlotte Medical Clinic","3"
"1154820934","CHS Neonatal Follow-up Clinic","3"
"1164453726","Carmel Family Physicians","3"
"1164724100","Mint Hill Primary Care","3"
"1164726105","Scotland Surgical and GI Associates","3"
"1174879670","Union Obstetrics & Gynecology","3"
"1174891428","CMC Orthopaedic Surgery - Denver","3"
"1174950752","NorthEast Dermatologyï¿½","3"
"1184051542","SouthPoint Internal Medicine","3"
"1184051757","Carolinas HealthCare System Neurosciences Institute","3"
"1184279390","Pender Primary Care - Rocky Point","3"
"1184986572","Cape Fear Cancer Specialists","3"
"1194052761","Charlotte Pediatric Clinic","3"
"1194152777","Carolinas HealthCare System Neurosciences Institute","3"
"1194157388","Carolinas HealthCare System Pediatric Surgery","3"
"1194919951","Whittier Health Center","3"
"1205090784","East Lincoln Primary Care","3"
"1205848520","University Internal Medicine","3"
"1215967377","Lincoln Family Practice","3"
"1225268170","Cabarrus Family Medicine","3"
"1225443120","Carolinas HealthCare System Neurosciences Institute","3"
"1225465362","Carolinas Pediatric Neurology Care - Huntersville","3"
"1235148529","Rock Hill Pediatric Associates","3"
"1235323080","Burke/Simms/Mann Health Center","3"
"1235416009","The Sanger Clinic","3"
"1235566811","Carolinas HealthCare System Neurosciences Institute","3"
"1235566829","Carolinas Pediatric Neurology Care - Hickory","3"
"1245425693","Glendale Health Center","3"
"1245585009","Medical Group of Waxhaw","3"
"1245587856","Union Surgical Associates","0"
"1245759166","Cabarrus Pediatrics","3"
"1255735312","Albemarle Medical Services","3"
"1255775029","Atrium Health Behavioral Health Primary Care","3"
"1265711956","Pediatric Medical Associates","3"
"1265765325","Atlantic Urology","3"
"1265869846","Midland Family Medicine","3"
"1275774333","CMC Faculty Physicians","3"
"1275968620","Carolinas Hospitalist Group - Carolinas Rehab Pineville","3"
"1285055947","Carolinas Hospitalist Group - Kings Mountain - LTAC","3"
"1285907519","Scotland Surgical and GI Associates","3"
"1285959767","Charlotte Medical Clinic","3"
"1285995415","Carolinas HealthCare Children's Urgent Care Blakeney","3"
"1295092153","Alaska Premium Care","3"
"1295092153","The Cove Assisted Living","3"
"1295092153","Wesleyan Assisted Living","3"
"1295766079","South Lake Pediatrics","3"
"1295966109","Cabarrus Family Medicine","3"
"1295967586","Cabarrus Family Medicine","3"
"1306269691","Levine Cancer Institute","3"
"1306273768","NorthEast Pediatric Pulmonology","3"
"1306855846","Carolinas Hospitalist Group","3"
"1306855846","Carolinas Hospitalist Group - Carolinas Rehab Charlotte","3"
"1326078072","Providence Pediatrics","3"
"1326300922","Carolinas Palliative Care and Hospice Group","3"
"1326374307","Riverbend Family Physicians","3"
"1326472812","Concord Internal Medicine","3"
"1326480310","Carolinas Hospitalist Group - Cleveland","3"
"1336370295","Cabarrus Family Medicine","3"
"1336492008","Levine Cancer Institute","3"
"1336543495","Albemarle Orthopedics & Sports Medicine","3"
"1336543495","Sports Medicine and Injury Care","3"
"1336584796","McAlister OBGYN Associates","3"
"1336614478","Becket Family of Services","3"
"1346435781","Curtis Tucker Health Center","3"
"1346540101","Cabarrus Family Medicine","3"
"1346677929","NorthEast Endocrinology - Salisbury","3"
"1356642342","Wallace Urgent Care","3"
"1356689996","CMC Psychiatry and Behavioral Health","3"
"1356700132","Carolinas HealthCare System HPB Surgery","0"
"1356700132","NE Acute Care Surgery","3"
"1356778567","Carolina Pediatric Gastroenterology - University","3"
"1356880801","Carolinas HealthCare System Pediatric Urology","3"
"1366522369","Carolinas HealthCare Urgent Care - Mountain Island","3"
"1386838217","North Hollywood Health Center","3"
"1447444294","Central Health Center","3"
"1487848248","Ruth Temple Health Center","3"
"1619203791","South Lake Pediatrics","3"
"1619218831","Franklin Street Ambulatory Clinic","3"
"1619464559","The Sanger Clinic","3"
"1619904430","South Charlotte Primary Care","3"
"1629344940","Levine Cancer Institute","3"
"1629405212","Carolinas HealthCare System Neurosciences Institute","3"
"1629412184","Carolinas Psychiatry and Behavioral Wellness","3"
"1629432281","Piedmont Orthopedic Specialists","3"
"1629439963","Piedmont Orthopedic Specialists-Poplar Tent","3"
"1639366214","Carolinas HealthCare Urgent Care - Mint Hill","3"
"1639425796","Sports Medicine and Injury Care","3"
"1639494248","Carolinas HealthCare Urgent Care - East Lincoln","3"
"1639697790","Suburban Pediatrics","3"
"1649201146","Weddington Family Medicine","3"
"1649282930","Eastover University Obstetrics and Gynecology Associates","3"
"1649464496","Pomona Health Center","3"
"1649525619","Pageland Family Medicine","3"
"1649529231","Glen Meade Center for Women's Health","3"
"1649611823","Shelby Women's Care","3"
"1659396893","Charlotte Obstetric & Gynecologic Associates","3"
"1659565406","Monrovia Health Center","3"
"1659695781","Charlotte Obstetric & Gynecologic Associates","3"
"1669797189","The Sanger Clinic","3"
"1669809158","CHS OBGYN Hospitalists","3"
"1679582134","Pediatric Endocrinology & Diabetes Specialists","3"
"1679801690","Barnett Family Practice","3"
"1679915615","Shelby Family Practice","3"
"1679944706","Atrium Health Gastroenterology & Hepatology","3"
"1679977730","Albemarle Surgical Associates","3"
"1689016628","Cleveland Pulmonary and Sleep Associates","3"
"1689604340","Randolph Internal Medicine Associates","3"
"1699006858","CMC Surgery - Lincoln","3"
"1699023648","Waxhaw Pediatrics","3"
"1699102012","NorthEast Women's Health & Obstetrics at Renaissance","3"
"1699979732","CMC - Surgery","3"
"1699979732","CMC Faculty Physicians","3"
"1699979732","Levine Childrens Sleep Medicine","3"
"1700079225","Carolinas HealthCare Urgent Care - Matthews","3"
"1700102506","Mecklenburg Medical Group (MMG)","3"
"1700111515","Carolina Neurological Clinic","3"
"1700213113","NorthEast Pediatric Endocrinology - University","3"
"1700228418","Shelby Children's Clinic","3"
"1710533765","Hanger Clinic","3"
"1760031488","Einstein Dental Center","3"
"1770971897","Choice Home Healthcare","3"
"1851585780","Pacoima Health Center","3"
"1861765877","Central Satellite Clinic - The Leavey Health Center","3"
"1891977369","True Care Health & Wellness Center","3"
"1902223076","Carolinas HealthCare System Urgent Care","3"
"1902230428","Carolina Internal Medicine - Concord","3"
"1902233380","NorthEast Pediatric Endocrinology - Huntersville","3"
"1902233505","Carolinas Pediatric Neurology Care - Holy Angels","3"
"1902249097","Carolinas Hospitalist Group - Northeast","3"
"1912227935","Atrium Health Levine Children's Urgent Care","3"
"1912255241","Carolinas HealthCare Urgent Care - Monroe","3"
"1912334335","NorthEast Pediatric Endocrinology","3"
"1922343987","Pediatric Hematology Oncology","3"
"1922353838","Dove Internal Medicine","3"
"1922369883","Carolinas Palliative Care and Hospice Group","3"
"1922657634","Catherine R Jonas, LCSW","3"
"1932137080","Northcross Family Physicians","3"
"1932214657","AMISTAD MEDICAL CLINIC INC","5"
"1932424355","The Sanger Clinic","3"
"1932424413","Piedmont Gynecological and Obstetrical Associates","3"
"1932436490","Rock Hill Pediatric Associates","3"
"1932457983","CMC Faculty Internal Medicine Specialists","3"
"1932534914","Carolinas HealthCare System Liver Care","3"
"1942525464","The Sanger Clinic","3"
"1942539010","Teen Health Connection","3"
"1942637319","Development & Behavioral Pediatrics of the Carolina's-Charlotte","3"
"1952595704","Martin Luther King, Jr. (South) Health Center","3"
"1952800526","Piedmont Orthopedic Specialists - Huntersville","3"
"1962711929","New Hanover Medical Group","3"
"1962727388","The Sanger Clinic","3"
"1962728923","Mecklenburg Medical Group (MMG)","3"
"1962825166","CMC Cosmetic and Plastic Surgery","3"
"1962839068","NorthEast Pediatric Pulmonology - Huntersville","3"
"1962858662","Carolina Orthopaedic Surgery Associates","3"
"1972829562","Carolinas Hospitalist Group - Scotland","3"
"1982038683","Levine Cancer Institute","3"
"1982940664","Moline Home Training","3"
"1992084198","CMC Womens Center for Pelvic Health","3"
"1992173165","Atrium Health Gastroenterology & Hepatology Morehead Medical Plaza","3"
"1003874546","ROSEBURG VAMC PHARMACY","5"
"1013965896","SPRINGFIELD VA CBOC PHARMACY","5"
"1043608169","Choice Hospice of Texas","3"
"1043869761","A Touch Of Hope Senior Services","4"
"1063730596","INVISION OPHTHALMOLOGY PC","3"
"1114254125","TA, TRUONG & ASSOCIATES, P.C.","4"
"1114570199","Headache Center of River Oaks","3"
"1114576857","Southern Hill Hospital and Medical Center - ER at the Lakes","3"
"1144278649","WEST HAVEN VAMC PHARMACY","5"
"1154336378","WALGREENS #05924","3"
"1154415024","Marshfield Medical Center - Rice Lake","3"
"1154974525","Jan M Eckermann MD INC","3"
"1194374827","Little Spirits Therapy Center","3"
"1225687965","Community Medical Assoc of BCH","3"
"1225687965","Foothills Neonatal Practice","5"
"1235187428","WASHINGTON DC VAMC PHARMACY","5"
"1235599614","EUGENE VA CLINIC PHARMACY","5"
"1275182917","Chippewa Luce Mackinac Community Action Agency","3"
"1306392121","Chapel Hills Orthodontics","3"
"1326697053","Van Pelt Elementary School","3"
"1346248986","Johnson Memorial Hospital","3"
"1356309017","MARTINEZ VAMC PHARMACY","5"
"1356990089","Medical City Arlington House Providers","3"
"1407405145","MountainView Hospital and Medical Center - ER at Aliante","3"
"1417506155","Right At Home North Central Mass","3"
"1437344876","Torrance Health Center","3"
"1437708179","D&A Outpatient and Intensive OP Supplemental","5"
"1467962605","Heartwood Program","3"
"1538718275","Dental Care of Canby","3"
"1619091220","Los Angeles Child Guidance Clinic","4"
"1619935145","PROVIDENCE VAMC PHARMACY","5"
"1629024021","Northeast Portland Renal Center","3"
"1639293574","Los Angeles Child Guidance Clinic","4"
"1699701045","Heritage Hospice of Texas","3"
"1700834900","WHITE CITY VAMC PHARMACY","5"
"1720046337","NORTHAMPTON VAMC PHARMACY","5"
"1720335680","Alabama Hospice Care of Mobile","3"
"1740333061","Dia-Foot","3"
"1740729581","Healthy Foundations","3"
"1790334431","Transtates mobile services","5"
"1801065438","Los Angeles Child Guidance Clinic","4"
"1801301866","Fresenius Kidney Care Mount Prospect","3"
"1821056086","NEWINGTON VA CLINIC PHARMACY","5"
"1821112764","Los Angeles Child Guidance Clinic","4"
"1851957278","Toothopia Dental","4"
"1871142505","Atrium Dental","3"
"1871142513","Belfast Drug Company","3"
"1982253613","Taylor Drug Store","3"
"1063061703","Cabi Family & Cosmetic Dentistry","3"
"1083263743","Jan Daniel, NP, PLLC","5"
"1134773419","M Health Fairview Walk In Clinic Mall of America","3"
"1144879891","D&A ICM","5"
"1174088983","Publix Pharmacy #1642","3"
"1174839781","OB GYN Associates","3"
"1184273849","In Transit","3"
"1205073657","WR Ozark Urology","3"
"1235150400","Capital Nephrology Medical Group","3"
"1235664921","Baptist Trinity Home Care & Hospice","3"
"1245889906","Advance Integrated Wellness","3"
"1255417002","Northwest Eye Clinic, LLC","3"
"1275182925","Community, A Walgreens Pharmacy#21254","3"
"1285283937","Hayward Orthodontics","3"
"1295205656","Agape Nursing Care","3"
"1306495056","KEYSTONE FAMILY PHARMACY","3"
"1366091027","Edward G Sarkisian DDS","5"
"1417506171","Longworth Chiropractic Sports & Wellness","3"
"1427136621","Star View Community Services","3"
"1447567334","BVM MEDICAL SUPPLY","3"
"1477018232","Glacier Peak Dentistry","3"
"1518516277","Denver Springs Physician Group, llc","3"
"1538718291","Summit Health Medical","5"
"1609357755","Reflections Counseling","3"
"1609357755","Young Counseling","3"
"1609425354","Parkwood Village","3"
"1639187776","Harleysville Eye Associates","4"
"1659807865","Baptist Trinity Home Care & Hospice","3"
"1659939429","Publix Pharmacy #1549","3"
"1679122329","DORAL SENIOR DAY CARE","3"
"1679122337","Palms Pharmacy of Lake City","3"
"1811148877","Low Country Clinic, INC","4"
"1811546575","First Coast Surgery Center","3"
"1962955864","Stone Creek Family Medicine","3"
"1972152619","The Claiborne at Adelaide","4"
"1992350987","Downtown Psychological Services","5"
"1992354666","Prairie Gate","3"
"1003991399","Benzer Pharmacy","3"
"1033768700","Northern Michigan Children's Assessment Center","3"
"1043451982","John K. Flynn Community Clinic FQHC","3"
"1063651537","Benzer Pharmacy","3"
"1093282360","Greenbrook TMS NeuroHealth Centers","3"
"1134360076","Fillmore Family Medical Group FQHC","3"
"1144679010","Hy-Vee Pharmacy (1040)","3"
"1154600336","Las Islas Mobile","3"
"1174764021","Moorpark Family Medical Clinic FQHC","3"
"1184855793","Benzer Pharmacy","3"
"1194374876","Dever Chiropractic","3"
"1225083991","THE GLEASON CLINIC","3"
"1245885755","Publix Pharmacy #1680","3"
"1285296350","Publix Pharmacy #1686","3"
"1316188253","Conejo Valley Family Medical Group FQHC","3"
"1336798008","Yarianny's Transportation, LLC","3"
"1386946580","Rx Plus Pharmacy","3"
"1396093506","Volunteers of America Greater New Orleans, Inc.","4"
"1407405178","Friendly Care Services","3"
"1447809124","Vegas Behavioral Health Services","3"
"1508187329","LAS ISLAS FAMILY MEDICAL GROUP","3"
"1508415274","Camarena Health Country Club Urgent Care","5"
"1538300488","Mandalay Bay Women & Childrens FQHC","3"
"1568010643","Getting There Transportation Solutions LLC","5"
"1598870529","Rogers Pharmacy","3"
"1609425370","NAF TRANSPORT","3"
"1619470333","Meadows Medical Group Womens Center","3"
"1629167457","Ventura County Medical Center","3"
"1659920320","PHS Walnut Ridge LLC.","3"
"1669738159","Magnolia West","3"
"1669940003","Buena Medical Clinic","3"
"1699737049","Sorensen Park Dialysis","3"
"1780029157","Benzer Pharmacy","3"
"1790334472","Moon Valley Dentistry","3"
"1790747483","Benzer Pharmacy","3"
"1811558414","Indiana Diabetes & Endocrinology","3"
"1831748508","Northern Family IN Home Services LLC","3"
"1861041535","Allied Medical Integration, LLC","5"
"1861633703","Magnolia Family Medical Clinic FQHC","3"
"1871009258","sunshine pharmacy","3"
"1881951184","Benzer Pharmacy","3"
"1891355418","Publix Pharmacy #1666","3"
"1912556606","SISTERS MISSION","3"
"1952542896","Las Islas Family Medical Group North FQHC","3"
"1982846366","Las Posas Family Medical Group FQHC","3"
"1043646540","Texas Brace Systems","3"
"1063068435","Monaghan Post-Vasold Podiatry","3"
"1063933117","Corona Hills Physical Therapy & Wellness","3"
"1063933117","Hanson & Assoc. Physical Therapy, Inc.","3"
"1083263784","First Choice Residential","5"
"1194155945","Dr. Freeze","3"
"1194155945","Dr. Neo","3"
"1194155945","Dr. Sculpt","3"
"1194155945","Dr. Veins","3"
"1194155945","Dr. Vigor","3"
"1194155945","Smooth M.D.","3"
"1194155945","Dr. Food Medical Group","4"
"1225687825","Laveen Smiles","3"
"1255980959","Mile High Integrated Care","5"
"1295384808","Jefferson Community Physicians - Nephrology","3"
"1316596000","Best of Care","3"
"1326697020","Helping Hands Home Health","3"
"1356990956","Argyle Family Practice","3"
"1366746406","Ohio Brace Systems","3"
"1386886117","Sierra Vista Family Medical Clinic FQHC","3"
"1407244379","Camarosa Springs Medical Group","3"
"1437708138","Aspen Miracles Center","5"
"1487145090","Arcadia Medi-Dental Group","3"
"1508987447","Cornerstone Pulmonology","3"
"1528617222","Avicenna Hospital Medicine, LLC","3"
"1528623287","Yreka Pharmacy","3"
"1538311287","NW Heart & Lung Surgical Assoc","3"
"1548401409","Santa Paula Hospital Clinic FQHC","3"
"1578112264","Ali Ashraf MD","3"
"1609101534","DRESDEN SPECIALTY CLINIC","3"
"1699239475","Georgia Behavioral Health Practitioner Clinic","3"
"1700177888","Texas Orthotics","3"
"1720637325","Rad X Mobile Imaging LLC","3"
"1780821660","West Ventura Medical Clinic","3"
"1780835017","Tranquility Wellness","3"
"1841431707","Santa Paula West FQHC","3"
"1841849445","Handprints Therapy Services","3"
"1881675775","Texas Brace Systems","3"
"1912556515","Amway TransCare","3"
"1932340890","Santa Paula Medical Clinic FQHC","3"
"1982123196","Rise Pediatric Therapy","3"
"1982983169","Ventura County Healthcare for the Homeless Program","3"
"1992354591","North Texas Practice Management, LLC","4"
"1003465626","Peniston Personal Care Home, LLC","4"
"1003822396","RITE AID PHARMACY 06413","3"
"1023127404","RITE AID PHARMACY 05781","3"
"1033228499","RITE AID PHARMACY 06082","3"
"1043646961","NorthEast Psychiatric Services - Harrisburg","3"
"1053420448","RITE AID PHARMACY 06264","3"
"1053748426","Rocky River Pediatrics","3"
"1083723514","RITE AID PHARMACY 05678","3"
"1114036571","RITE AID PHARMACY 05970","3"
"1134135429","Rite Aid Pharmacy 05475","3"
"1184145815","Smoketown Family Wellness Center","3"
"1184273799","Bone & Joint Clinic S.C. @ Merrill","3"
"1184635443","RITE AID PHARMACY 06268","3"
"1194090613","Levine Cancer Institute","3"
"1194374710","Hoya Clinic at Triumph","3"
"1194730226","Walgreens #21244","3"
"1225682958","CHERRY HILL FOR NURSING AND REHABILITATION","3"
"1255440798","RITE AID PHARMACY 05994","3"
"1275543308","Rite Aid Pharmacy 05495","3"
"1275642704","RITE AID PHARMACY 05727","3"
"1316938459","Navicent Health Baldwin","3"
"1316938459","Oconee Regional Medical Center","4"
"1336468511","Benzer Pharmacy","3"
"1346359791","RITE AID PHARMACY 05852","3"
"1346600517","Midwest Eye Consultants Ohio #402","3"
"1346736675","Sunrise Assist Living at West Essex","3"
"1346736675","Sunrise Assisted Living at West Essex","3"
"1346736675","Sunrise of West Essex","3"
"1366091977","Bone & Joint Clinic S.C. @ Plover","3"
"1376503581","Dulaney Townson Dialysis Center","3"
"1407277536","Levine Cancer Institute","3"
"1437535234","Benzer Pharmacy","3"
"1437607686","Carolina Orthopaedic Surgery Associates","3"
"1437607686","Carolinas HealthCare System Orthopaedic Surgery","3"
"1447634522","Carolinas HealthCare System Rheumatology Care","3"
"1447634522","SouthPark Rheumatology","3"
"1447809066","Olakunle Adegbile & Associates Professional Corp","3"
"1467886986","Ardsley Internal Medicine - Harrisburg","3"
"1477681708","RITE AID PHARMACY 06491","3"
"1497864847","Rite Aid Pharmacy 05608","3"
"1508046814","Penn Highlands General Surgery","5"
"1508046814","Penn Highlands Surgery","5"
"1578116679","Parkwood Ranch Dental Care","3"
"1588764906","Penn Highlands General Surgery","5"
"1588764906","Penn Highlands Surgery","5"
"1598894750","Oral Pathology Services","3"
"1609100189","RITE AID PHARMACY 06494","3"
"1619319621","Neurosciences Institute - Neurology Cleveland","3"
"1619319621","Neurosciences Institute - Neurology Pineville","3"
"1639530116","Mary South, MD","3"
"1649718842","GAP DRUG","3"
"1649829268","AFC Urgent Care Denver","3"
"1659923332","Born Again Obstetrics & Gynecology","3"
"1669424560","Rite Aid Pharmacy 06457","3"
"1689044141","Benzer Pharmacy","3"
"1710343801","Toledo Assisted Living","3"
"1710536321","Bone & Joint Clinic S.C. @ Medford","3"
"1730101528","RITE AID PHARMACY 05794","3"
"1730747445","Colorado Mountain Medical, LLC","3"
"1780690073","RITE AID PHARMACY 05628","3"
"1790334308","ABloom Home Care","3"
"1821091158","H&L Medical","3"
"1831748458","Eastowne Family Dentistry","3"
"1861514580","Cancer Care Specialists","3"
"1871603654","RITE AID PHARMACY 05458","3"
"1912262593","Cabarrus Family Medicine","3"
"1922563923","Atrium Health Addiction Services Charlotte","3"
"1942569330","Carolinas Palliative Care and Hospice Group","3"
"1942679329","Carolinas HealthCare Urgent Care - Albemarle","3"
"1962418251","RITE AID PHARMACY 05918","3"
"1962511352","RITE AID PHARMACY 06371","3"
"1982713335","RITE AID PHARMACY 05909","3"
"1982713376","RITE AID PHARMACY 06012","3"
"1013276260","IHA Internal Medicine- Towsley","3"
"1013276260","IHA Reichert Internal Medicine","3"
"1033228325","RITE AID PHARMACY 05334","3"
"1073903233","Town Pharmacy","3"
"1093132821","Mercy Urgent Care","3"
"1114479920","Allina Health Assessment and Referral","3"
"1134238553","RITE AID PHARMACY 06434","3"
"1154970788","America's Best Contacts & Eyeglasses","3"
"1164521431","RITE AID PHARMACY 10363","3"
"1174089411","Talk Therapy Center","3"
"1174089411","Talk Therapy Center","4"
"1174179063","Oil City Health Center","3"
"1184273716","The Diane Morgan Group","3"
"1184279010","Healthsource of Redmond","3"
"1235248113","pearle vision","3"
"1245889880","America's Best Contacts & Eyeglasses","3"
"1255980884","Pioneer Laundromat","3"
"1285283812","BRIGHTSTAR CARE OF MIAMI BEACH / NORTH MIAMI","3"
"1306101803","Accredited Case Management","4"
"1376198432","CVS Pharmacy # 11278","3"
"1386671535","Kent Center for Human & Organizational Development, Inc.","4"
"1417506049","6th ave dental care","3"
"1477024529","Bumgarner & Martin Orthodontics","3"
"1477102002","Rocking Horse Community Health Center","3"
"1497854764","RITE AID PHARMACY 10347","3"
"1528183381","TLC for Children & Families, Inc.","4"
"1598314122","Behavior Designs, LLC","5"
"1619526258","Katie Walker","3"
"1649761685","Forest Family Practice","3"
"1679122212","APluscare Behavioral Health","3"
"1679557201","AHF","3"
"1720187560","UnityPoint at Home","3"
"1780014522","Onyx Therapy Group","3"
"1811546450","SYNERGY HomeCare of Loudoun","3"
"1871692145","RITE AID PHARMACY 10373","3"
"1891152989","San Carlos Pharmacy","3"
"1003462102","Community Health Centers Los Robles","5"
"1033547179","Round Rock Chiropractic and Rehabilitation, PC","4"
"1053770420","Benzer Pharmacy","3"
"1083908800","West Point Dialysis","3"
"1104475755","Tara Sobrio Counseling LLC","3"
"1114273380","UNT Kristen Farmer Autism Center","5"
"1114346228","Benzer Pharmacy","3"
"1124326095","Magnolia EMS","3"
"1134575350","OSNA PLLC","5"
"1174092217","Conway Regional Orthopedic and Sports Medicine Center","3"
"1174588933","River Center Dialysis","3"
"1184632572","Tumor Institute Radiation Oncology Group LLP","3"
"1225406200","Benzer Pharmacy","3"
"1255435871","Benzer Pharmacy","3"
"1275876773","Benzer Pharmacy","3"
"1306248240","Pacific Hospitalist Associates","3"
"1326539347","Westlake Speech Therapy","3"
"1336700699","Duane Reade #21210","3"
"1346551959","UNT Student Health and Wellness Center","5"
"1376038554","Real Pharmacy Inc","4"
"1427041219","Fyzical Therapy and Balance Center of Saginaw","3"
"1518052406","Phillips Clinic","3"
"1528617172","WRH Surgery Clinic","3"
"1558492934","Summit Rehab","3"
"1588213144","Comfort Keepers","3"
"1609420702","OSNA PLLC","5"
"1669785168","Benzer Pharmacy","3"
"1679981922","Benzer Pharmacy","3"
"1699324244","chandler bright family dentistry","3"
"1699324244","Mrs","5"
"1699336313","OSNA","5"
"1710352075","Benzer Pharmacy","3"
"1720316987","shenandoah oral and maxillofacial surgery inc","3"
"1720457740","Benzer Pharmacy","3"
"1730325390","Complete Family Foot Care","3"
"1740636315","OSNA PLLC","5"
"1740839398","Vibrant Care","3"
"1801991534","GRACE LIVING CENTER - BETHANY","3"
"1831748482","GOLDEN TRIANGLE SURGERY CENTER LLC","3"
"1851940407","EAST CITY DENTAL","3"
"1871142422","Community Pharmacy of Sac City","3"
"1881638443","Student Health and Wellness Center","3"
"1982975256","Benzer Pharmacy","3"
"1003465691","Potenzahrc","3"
"1073094967","Valor Pain","3"
"1093364689","Bailey Cove Speech Therapy","3"
"1114576782","The Rubin Community for Senior Living","3"
"1154975472","Adventure Dental and Vision","3"
"1174777916","Puna Community Medical Center, a Department of Kau Hospital","3"
"1225382690","Hanger Clinic","3"
"1245384411","Life Pittsburgh","3"
"1255980835","THE RIDGE POST ACUTE","3"
"1255980843","LA Direct Home Health Care INC","4"
"1285283879","April J. Miller, D.C., EPSIC","3"
"1346899978","Greentree Counseling","3"
"1376192955","Sandruby Community Programs","3"
"1386638237","Arbrook Plaza","3"
"1396394052","Balance By Touch Massage","3"
"1396394961","Acadian Medical Center","3"
"1417383431","Goodwill Home Medical Equipment (a subsidiary of)","5"
"1427607019","NWABABIES and Designing HEALTH","3"
"1447809025","Hy-Vee Pharmacy (1401)","3"
"1457900268","Centro Ararat Juana Diaz","3"
"1497304067","Shoprite Pharmacy of Clinton","3"
"1508911835","LENSCRAFTERS #767","3"
"1588178891","Phoenix Home Care","3"
"1598318123","Adventure Dental and Vision","3"
"1609101278","Siperstein Dermatology","3"
"1649829219","Clara Angel & Assoc.","3"
"1679547707","Charles B Nissman DDS","4"
"1679547707","Nissman-Salin Oral & Maxillofacial Surgery PC","4"
"1689223265","a division of Atlantic Dental Care","3"
"1700102100","Publix Pharmacy #1281","3"
"1740465582","PUBLIC HEALTH LABORATORY","3"
"1760413777","Community Health Network, Inc and Berlin Memorial Hospital","3"
"1780791723","Crossroads Medical Group","3"
"1801215710","Barun Dental Group","3"
"1801445481","WESTWOOD POST ACUTE","3"
"1881243459","Handmaker Home for the Aging","3"
"1922092790","Gulf Pointe Plaza","3"
"1972598738","Benzer Pharmacy","3"
"1992350508","Park Place Dentistry","3"
"1003379538","Dr. Christina Checinski LLC","4"
"1013995521","Riverside Medical Center, Inc.","4"
"1023054046","Conway's Eastside Pharmacy","5"
"1023667524","Gem State Developmental Center","3"
"1033768536","Easley Place - A Continuum of Care Community","3"
"1043263999","WILD ROSE COMMUNITY MEMORIAL HOSPITAL, INC","5"
"1063061562","Blue Horizons Hospice of Laredo","3"
"1073799664","Riverside Medical Center, Inc.","4"
"1104284942","ADVENTUS HOSPICE & HOME HEALTH CARE","3"
"1104284942","BRIDGE OF LIFE HOSPICE","3"
"1134652530","Stoneview Pharmacy","3"
"1154970655","Council Bluffs Oral Surgery, PLLC","3"
"1174534440","Zdep DDS & Zdep DDS PC","4"
"1215586714","Middle Park Medical Center","3"
"1235788829","Pleasant Hill Adult Day Care","3"
"1235788829","Pleasant Hill Senior Services","3"
"1265618979","SHAWANO MEDICAL CENTER, INC.","4"
"1275943367","CHN Anesthesia","3"
"1295127082","OakLeaf Clinics, SC - Eau Claire Medical Clinic","3"
"1306495809","Dental Care at Avamar Crossing","3"
"1316023591","WACGC - Horizon","5"
"1326493602","COMMUNITY HEALTH NETWORK, INC. AND BERLIN MEMORIAL HOSPITAL","4"
"1376996546","SEE Alternatives Pediatrics","3"
"1386293876","Hope and Home","3"
"1487203980","Pearle Vision","3"
"1518419530","Ridgeview Pharmacy","3"
"1548260839","SHAWANO MEDICAL CENTER, INC.","4"
"1568820603","Destiny Home Health Services LLC","5"
"1578112066","Salem Hospital","4"
"1588123608","Conway's Danville Pharmacy","3"
"1700994977","Susan B. Allen Memorial Hospital","3"
"1710027982","CoxHealth at Home","3"
"1710027982","Home Parenteral Services","3"
"1710333893","RIVERSIDE MEDICAL CENTER, INC.","4"
"1710536206","360 Rehab PT","5"
"1720493125","SHAWANO MEDICAL CENTER, INC.","4"
"1720637226","McQuade's Jamestown Pharmacy","3"
"1730203464","Wild Rose Community Memoiral Hospital, Inc","4"
"1740839240","Middle Park Medical Center","3"
"1780233379","Fort Hamer Dental Care","3"
"1780782680","Riverside Medical Center, Inc.","4"
"1811546310","Niagara County Department of Mental Health","3"
"1811546310","Niagara County Mental Health Home & Community Based Services","5"
"1831131796","Riverside Medical Center, Inc.","4"
"1831207836","Susan B. Allen Dialysis Center","3"
"1861403933","GAINESBORO DRUGS","3"
"1871905711","BTSH","3"
"1881153401","CMC Pharmacy","3"
"1891344388","College Achieve Central Charter School","3"
"1952899601","Sycamore Hills Pharmacy","3"
"1962051458","VIDA Integrative Medicine","3"
"1972062339","Bruckerhoff Internal Medicine Associates","3"
"1972152569","Alpena Public Schools Besser Elementary School","3"
"1992159289","COMMUNITY HEALTH NETWORK, INC. AND BERLIN MEMORIAL HOSPITAL","4"
"1992845960","CoxHealth at Home","3"
"1992845960","Home Parenteral Services","3"
"1063061570","Caringhands Home Health Agency","3"
"1083262042","Hand & Upper Extremity Center","3"
"1205394160","Restoring Harmony Counseling & Consulting","3"
"1295384709","LOTUS COUNSELING CENTER","4"
"1326582743","Foothill Family Practice","3"
"1366700015","State Medical Equipment","3"
"1407183676","Metro Drugs","3"
"1417506940","MediServ Transportation","3"
"1427607944","HOUSE CALLS WELLNESS CARE","3"
"1457769762","Smoke 3.9","5"
"1457769762","Smoke 4/7","5"
"1457769762","Smoke 6/2","5"
"1457769762","Smoke 7/28","5"
"1457769762","Smoke 8/25","5"
"1457769762","Smoke Test 3.5.2","5"
"1457769762","Smoke Test 6/15","5"
"1457769762","Smoke Test 6/30","5"
"1457769762","Smoke Test R3.5.0","5"
"1457769762","smoke 05/05","5"
"1518516046","F.I.R.S.T Rehabilitation","3"
"1578587671","Arizona Oncology","3"
"1578831764","SV Primary Medical Group, P.C.","4"
"1588213284","Georgia Eye","3"
"1588220362","McAllen Health and Wellness Family Practice","3"
"1669021176","Care on Location, LLC","4"
"1679732176","West Lincoln Family Medicine","3"
"1689223190","Gravity Treatment Centers, Inc","3"
"1699179804","Pfeiffer Health Services","3"
"1730253626","Waipahu Family Health Center","3"
"1780770859","West Michigan Cardiology","3"
"1801387261","BDPEC Show Low Miles","3"
"1821647330","Jearls Nutrition, LLC","3"
"1922657436","Comfort Dental Colorado and Yale","5"
"1942494281","MHIRAMARC MANAGEMENT LLC HOME HEALTH SERVICES","3"
"1952950453","Care Excellence LLC","3"
"1972152676","Rincon DDS and Associates Inc.","5"
"1982253407","Ashley Addiction Treatment","3"
"1982258273","Lending Hands","3"
"1982258273","Lending Hands 4U","3"
"1003260696","R&R Medical Wellness","3"
"1003465550","True Independent Living LLC","4"
"1104475664","Intangible Inches Hair Salon","3"
"1104475664","Intangible Inches, llc","3"
"1134772486","Innovative Counseling Services of KY","3"
"1164071619","NannyPak LLC.","3"
"1164071692","Cure Pharmacy","3"
"1194284893","mens health of smithtown","3"
"1255980785","Beautiful New Smiles","3"
"1396394839","VHT Pharmacy","3"
"1407402928","MyEyeDr.","3"
"1417272907","The Sanger Clinic","0"
"1548819006","HGPharmacist","3"
"1598256810","nearby transportation","3"
"1659920189","Brunswick Optical","3"
"1740839208","Boston Senior Medicine","3"
"1841757820","Caden Care Network","3"
"1851940308","Vista Prado A Memory Care Community","3"
"1891344347","Samantha Liu, MD, Inc.","4"
"1245889724","Bright Ave Dental","3"
"1265429344","Cimarron Nursing Center","3"
"1275621385","Fairwinds Nantucket's Counseling Center, Inc","4"
"1275621385","Family&Children's Services of Nantucket County, Inc","4"
"1316596885","North Chandler Place - A Continuum of Care Community","3"
"1386293850","Behavioral Health Solutions","3"
"1396392924","Own Your Colors Counseling","3"
"1487161220","Economical Pharmacy Services","3"
"1497304976","Great Falls Physical Therapy","3"
"1528617099","VITACARE PHARMACY","3"
"1538718002","Victoria Pharmacy","3"
"1548819923","Octavian Natural Health","3"
"1679122147","Richmond Heights Place - A Continuum of Care Community","3"
"1790334266","Falls Pointe Dentistry","3"
"1811544174","Greenhill Health Consulting Services","3"
"1841704574","Chiro Health Pro","4"
"1912994997","First Shamrock Care Center","3"
"1922657402","SUNNY DENTAL","3"
"1952955601","Clio Foot & Ankle","3"
